{
  "dropout": {
    "delta_acc": -0.012166659037272098,
    "t": -8.586467071288109,
    "p": 0.013293617123554072,
    "cohens_d": -7.196448597589911
  },
  "gauss_noise": {
    "delta_acc": 0.00236666202545166,
    "t": 2.700942484597034,
    "p": 0.11409219186821952,
    "cohens_d": 2.776312802443834
  },
  "gaussian_reparam": {
    "delta_acc": -0.0003333091735839844,
    "t": -0.24194811233560956,
    "p": 0.8313669479965192,
    "cohens_d": -0.2662915567624086
  },
  "bernoulli_st": {
    "delta_acc": -0.027733325958251953,
    "t": -25.411570482919853,
    "p": 0.0015450039698230464,
    "cohens_d": -15.182613377884136
  },
  "gumbel_softmax": {
    "delta_acc": -0.078166663646698,
    "t": -5.519116184872568,
    "p": 0.03129626466399054,
    "cohens_d": -4.37743205617071
  },
  "gumbel_st": {
    "delta_acc": -0.10416666666666663,
    "t": -4.4201773382530485,
    "p": 0.0475606433727685,
    "cohens_d": -3.6436753396564034
  }
}