{
  "dropout": {
    "delta_acc": -0.020533323287963867,
    "t": -8.192945720804458,
    "p": 0.014572864327575331,
    "cohens_d": -2.6937956929463596
  },
  "gauss_noise": {
    "delta_acc": -0.004766662915547726,
    "t": -0.7874620384150329,
    "p": 0.5135132835022438,
    "cohens_d": -0.5595902013033692
  },
  "gaussian_reparam": {
    "delta_acc": 0.004433333873748779,
    "t": 0.9654170233477772,
    "p": 0.43619263392260543,
    "cohens_d": 0.6536703068358305
  },
  "bernoulli_st": {
    "delta_acc": -0.011899987856547,
    "t": -0.9746126621663019,
    "p": 0.4325460511809838,
    "cohens_d": -1.0838873557552595
  },
  "gumbel_softmax": {
    "delta_acc": -0.6503333151340485,
    "t": -119.79460956751619,
    "p": 6.96754938787e-05,
    "cohens_d": -97.81188912544881
  },
  "gumbel_st": {
    "delta_acc": -0.49699997901916504,
    "t": -6.414182389962672,
    "p": 0.023454466446981712,
    "cohens_d": -5.269327948509933
  }
}